,Acces Number,C_No,EB_NO,BER,Range,Xmtr Elevation,Xmtr Azimuth,X,y,z,Vx,Vy,Vz,RelSpeed
0,0,-61.40577822869438,-64.41607818533419,0.3331833889645652,2424.7726890890813,73.31363900649903,"[143.85642341638328, 145.75484236030513]",3889.0215378218254,3805.716947935441,-3316.467018361645,-0.2774783229210299,0.28416812001197783,0.0008103514718542906,0.39717300612166123
1,0,-63.77625778617763,-66.78655774281745,0.33321920165806057,2814.1394832708156,68.91998701943383,"[143.85642341638328, 145.75484236030513]",3872.813228218697,3822.2427410011064,-3316.4290466591146,-0.27869146022748215,0.28298059901119815,0.0008182932732822461,0.39717454478395753
2,1,-77.40389417490832,-80.41419413154813,0.3333095635958475,2817.2069978269037,88.52049654364997,"[-93.17517648381475, -85.96190254056533, -77.5140836442147, -67.97738091656463, -57.76258668757388, -47.50001952138789, -37.83782149060632, -34.711659755000966]",-5454.879045784498,-8.612386021689547,-3294.107453619856,0.0005916729581727842,-0.3972325512239491,8.778107836571555e-05,0.3972330015674611
3,1,-42.39080617311885,-45.40110612975866,0.3319946527870879,2640.9289737646454,93.72798561738338,"[-93.17517648381475, -85.96190254056533, -77.5140836442147, -67.97738091656463, -57.76258668757388, -47.50001952138789, -37.83782149060632, -34.711659755000966]",-5454.789848552458,-32.42547222547193,-3294.106827382146,0.0023325474121726553,-0.39721976959024463,6.126822124748383e-05,0.3972266228295279
4,1,-42.001541345369986,-45.0118413020098,0.33193329469449273,2525.186622212501,98.89178650953718,"[-93.17517648381475, -85.96190254056533, -77.5140836442147, -67.97738091656463, -57.76258668757388, -47.50001952138789, -37.83782149060632, -34.711659755000966]",-5454.596350003001,-56.25706408927402,-3294.1064485835354,0.004079135693236312,-0.39719636897909283,3.2359901992768657e-05,0.39721731574207936
5,1,-41.842350598472756,-44.85265055511257,0.33190739913739664,2479.3277570984787,103.57399194753701,"[-93.17517648381475, -85.96190254056533, -77.5140836442147, -67.97738091656463, -57.76258668757388, -47.50001952138789, -37.83782149060632, -34.711659755000966]",-5454.298584995753,-80.08748870224866,-3294.1063178337677,0.005829808247595587,-0.39716279052719616,3.041793518114204e-06,0.3972055750525233
6,1,-41.94055174706164,-44.95085170370145,0.3319234295587413,2507.5176577133802,107.29893726478254,"[-93.17517648381475, -85.96190254056533, -77.5140836442147, -67.97738091656463, -57.76258668757388, -47.50001952138789, -37.83782149060632, -34.711659755000966]",-5453.896560551494,-103.91628433210096,-3294.106435132425,0.007583433899226358,-0.3971201103829479,-2.412326924737425e-05,0.39719251141254014
7,1,-42.27966230957887,-45.28996226621868,0.3319774132358916,2607.3511712825,109.7433378580273,"[-93.17517648381475, -85.96190254056533, -77.5140836442147, -67.97738091656463, -57.76258668757388, -47.50001952138789, -37.83782149060632, -34.711659755000966]",-5453.3902855792485,-127.74299802571394,-3294.106800474287,0.009338286843333418,-0.3970697104436099,-4.6896300959228445e-05,0.39717950696404725
8,1,-42.80774823202371,-45.818048188663525,0.33205739402481965,2770.7913566991806,110.86294632885199,"[-93.17517648381475, -85.96190254056533, -77.5140836442147, -67.97738091656463, -57.76258668757388, -47.50001952138789, -37.83782149060632, -34.711659755000966]",-5452.779770718082,-151.56718442132873,-3294.1074138497534,0.011092696440610887,-0.39701276085051557,-6.414275823128455e-05,0.39716770300059095
9,1,-43.023558178158545,-46.03385813479836,0.33208870523680467,2840.4969122833336,110.9728792101037,"[-93.17517648381475, -85.96190254056533, -77.5140836442147, -67.97738091656463, -57.76258668757388, -47.50001952138789, -37.83782149060632, -34.711659755000966]",-5452.543212630958,-159.84544689633728,-3294.1076850680247,0.011702023973603017,-0.3969915744198001,-6.882235637717508e-05,0.3971640117909819
10,2,-73.70460762375254,-76.71490758039235,0.33329694277556715,2794.277784664672,66.19423479986361,"[-161.1041177702998, -161.05602162235104, -160.85089759374105, -160.3691581087746, -159.32410078730652, -156.8199224690618, -148.0199648163446, -46.112272415759605, 1.1471403524832549, 6.757111874677947, 8.641280627998547, 9.463884043842741, 9.838726730136333, 9.948388676719684]",-5021.180201187689,-2130.0759959179227,-3295.0643593321056,0.1553090396976093,-0.36561153872696983,-0.0001837618170990007,0.3972313291150404
11,2,-90.76865263048094,-93.77895258712076,0.33332823079280205,2376.0034256584727,70.37883185106277,"[-161.1041177702998, -161.05602162235104, -160.85089759374105, -160.3691581087746, -159.32410078730652, -156.8199224690618, -148.0199648163446, -46.112272415759605, 1.1471403524832549, 6.757111874677947, 8.641280627998547, 9.463884043842741, 9.838726730136333, 9.948388676719684]",-5011.821597079927,-2151.97049714677,-3295.0858489239345,0.15689585456358046,-0.36493454155142435,-0.00019026939055642863,0.3972323816093363
12,2,-68.49803879358339,-71.5083387502232,0.33326706330587524,1960.4980794504409,75.55391798010493,"[-161.1041177702998, -161.05602162235104, -160.85089759374105, -160.3691581087746, -159.32410078730652, -156.8199224690618, -148.0199648163446, -46.112272415759605, 1.1471403524832549, 6.757111874677947, 8.641280627998547, 9.463884043842741, 9.838726730136333, 9.948388676719684]",-5002.3585954689615,-2173.8440518967923,-3295.1075875753136,0.1584815386541631,-0.36424934837149125,-0.00019889497109259202,0.3972329611732346
13,2,-59.34434463866783,-62.35464459530764,0.3331432247061181,1553.1886415974886,82.48358343882941,"[-161.1041177702998, -161.05602162235104, -160.85089759374105, -160.3691581087746, -159.32410078730652, -156.8199224690618, -148.0199648163446, -46.112272415759605, 1.1471403524832549, 6.757111874677947, 8.641280627998547, 9.463884043842741, 9.838726730136333, 9.948388676719684]",-4992.799982830033,-2195.6759869772886,-3295.1295551145495,0.16006520889734677,-0.3635560129626358,-0.00021093112007266256,0.3972327908828486
14,2,-35.284763667733,-38.295063624372816,0.33029964128356243,1165.3452116178626,92.88504896752131,"[-161.1041177702998, -161.05602162235104, -160.85089759374105, -160.3691581087746, -159.32410078730652, -156.8199224690618, -148.0199648163446, -46.112272415759605, 1.1471403524832549, 6.757111874677947, 8.641280627998547, 9.463884043842741, 9.838726730136333, 9.948388676719684]",-4983.145956946834,-2217.4658514614566,-3295.1517510871035,0.16164851999466895,-0.3628529419531045,-0.00023001326996942374,0.3972311095654446
15,2,-32.31188942420021,-35.32218938084002,0.3290615821392328,827.5817097411463,110.90460221507865,"[-161.1041177702998, -161.05602162235104, -160.85089759374105, -160.3691581087746, -159.32410078730652, -156.8199224690618, -148.0199648163446, -46.112272415759605, 1.1471403524832549, 6.757111874677947, 8.641280627998547, 9.463884043842741, 9.838726730136333, 9.948388676719684]",-4973.396708699853,-2239.2132161265395,-3295.1741750540873,0.16323716024275398,-0.36213481267714126,-0.00026776895245906744,0.3972254583193764
16,2,-29.929615961925798,-32.93991591856561,0.327713725909971,629.0674452990004,143.50970226247037,"[-161.1041177702998, -161.05602162235104, -160.85089759374105, -160.3691581087746, -159.32410078730652, -156.8199224690618, -148.0199648163446, -46.112272415759605, 1.1471403524832549, 6.757111874677947, 8.641280627998547, 9.463884043842741, 9.838726730136333, 9.948388676719684]",-4963.552478321124,-2260.9175489493414,-3295.1968264628467,0.16484759072849017,-0.3613871888210165,-0.000351941362705668,0.39720970818406187
17,2,-30.871610372640355,-33.88191032928017,0.3282912205161785,701.127386454,169.3851771688264,"[-161.1041177702998, -161.05602162235104, -160.85089759374105, -160.3691581087746, -159.32410078730652, -156.8199224690618, -148.0199648163446, -46.112272415759605, 1.1471403524832549, 6.757111874677947, 8.641280627998547, 9.463884043842741, 9.838726730136333, 9.948388676719684]",-4953.613529860378,-2282.5782763862103,-3295.2197047055365,0.16647620495439142,-0.3606169150544995,-0.0004537168791020292,0.3971889878866822
18,2,-33.831453163374206,-36.84175312001402,0.3297471434942198,985.8005832769384,148.9654029328756,"[-161.1041177702998, -161.05602162235104, -160.85089759374105, -160.3691581087746, -159.32410078730652, -156.8199224690618, -148.0199648163446, -46.112272415759605, 1.1471403524832549, 6.757111874677947, 8.641280627998547, 9.463884043842741, 9.838726730136333, 9.948388676719684]",-4943.580024929523,-2304.195056299781,-3295.2428094098204,0.1680835847336442,-0.35985989372331456,-0.0004983384668923762,0.3971794089686611
19,2,-36.58980047657476,-39.60010043321457,0.33072284295175824,1354.2736747255703,135.85411319885932,"[-161.1041177702998, -161.05602162235104, -160.85089759374105, -160.3691581087746, -159.32410078730652, -156.8199224690618, -148.0199648163446, -46.112272415759605, 1.1471403524832549, 6.757111874677947, 8.641280627998547, 9.463884043842741, 9.838726730136333, 9.948388676719684]",-4933.452086357575,-2325.7676301772644,-3295.266140292672,0.1696736250135567,-0.35910970213417387,-0.0005108937605381053,0.3971765076191827
20,2,-38.833180263196304,-41.84348021983611,0.33131702975273686,1753.3774860662,127.60354874125426,"[-161.1041177702998, -161.05602162235104, -160.85089759374105, -160.3691581087746, -159.32410078730652, -156.8199224690618, -148.0199648163446, -46.112272415759605, 1.1471403524832549, 6.757111874677947, 8.641280627998547, 9.463884043842741, 9.838726730136333, 9.948388676719684]",-4923.229872879619,-2347.2956620403843,-3295.289696988382,0.1712549561176642,-0.35835766207860104,-0.0005127646196459962,0.3971759520575976
21,2,-40.664593822735846,-43.67489377937566,0.3317003314907767,2164.9411919125164,121.73220589645383,"[-161.1041177702998, -161.05602162235104, -160.85089759374105, -160.3691581087746, -159.32410078730652, -156.8199224690618, -148.0199648163446, -46.112272415759605, 1.1471403524832549, 6.757111874677947, 8.641280627998547, 9.463884043842741, 9.838726730136333, 9.948388676719684]",-4912.913588258737,-2368.7787238509177,-3295.313479027381,0.17283050738556563,-0.3576009434405045,-0.0005104792408628566,0.39717638351461215
22,2,-42.193473887362536,-45.20377384400235,0.3319638918441747,2581.6068632708625,117.14324796220912,"[-161.1041177702998, -161.05602162235104, -160.85089759374105, -160.3691581087746, -159.32410078730652, -156.8199224690618, -148.0199648163446, -46.112272415759605, 1.1471403524832549, 6.757111874677947, 8.641280627998547, 9.463884043842741, 9.838726730136333, 9.948388676719684]",-4902.503406793102,-2390.2164531730155,-3295.3374860078734,0.17440124203699423,-0.3568386156236128,-0.0005061724434897316,0.3971773495993512
23,2,-43.03499941066542,-46.04529936730523,0.3320903435953154,2844.2409385603287,114.6693230944104,"[-161.1041177702998, -161.05602162235104, -160.85089759374105, -160.3691581087746, -159.32410078730652, -156.8199224690618, -148.0199648163446, -46.112272415759605, 1.1471403524832549, 6.757111874677947, 8.641280627998547, 9.463884043842741, 9.838726730136333, 9.948388676719684]",-4895.916691892248,-2403.6584520282336,-3295.352679967615,0.17538554568882395,-0.3563567516095272,-0.0005028380121581144,0.397178142525904
24,3,-63.99768840918269,-67.0079883658225,0.333222074459013,2802.2900621443046,74.16889104732917,"[127.45177513509134, 120.37190705062636, 112.05377987774489, 102.64721372775413, 92.4045093979193, 81.8052107600541, 71.444366590174, 61.83977309477101, 53.85643570920715]",-3679.47797908493,-4023.7189349774026,-3298.189082975544,0.2933897275632551,-0.26776418196284946,-0.0005895421478312089,0.39720968888210556
25,3,-63.82246236647829,-66.8327623231181,0.33321980716940736,2582.5074199158475,78.9905956899989,"[127.45177513509134, 120.37190705062636, 112.05377987774489, 102.64721372775413, 92.4045093979193, 81.8052107600541, 71.444366590174, 61.83977309477101, 53.85643570920715]",-3662.129457423275,-4039.4815953193097,-3298.2297936127698,0.2945374782854577,-0.26649686253838833,-0.0006123662313789336,0.3972068464288631
26,3,-66.02996413554314,-69.04026409218295,0.33324528505263584,2411.622173957947,84.29530578315013,"[127.45177513509134, 120.37190705062636, 112.05377987774489, 102.64721372775413, 92.4045093979193, 81.8052107600541, 71.444366590174, 61.83977309477101, 53.85643570920715]",-3644.4211080017303,-4055.4314639977947,-3298.27135355686,0.2957023948041687,-0.26520041027752284,-0.0006399576216422327,0.3972046996827258
27,3,-77.23924412607148,-80.2495440827113,0.33330910871809705,2306.0290927716355,89.75595273692389,"[127.45177513509134, 120.37190705062636, 112.05377987774489, 102.64721372775413, 92.4045093979193, 81.8052107600541, 71.444366590174, 61.83977309477101, 53.85643570920715]",-3626.6432075948856,-4071.3036429849262,-3298.3130816751163,0.2968658575166349,-0.2638958017754362,-0.0006708485901272471,0.3972037028926319
28,3,-41.095488754416735,-44.105788711056555,0.33177936492344734,2275.0494997848114,94.93194764142768,"[127.45177513509134, 120.37190705062636, 112.05377987774489, 102.64721372775413, 92.4045093979193, 81.8052107600541, 71.444366590174, 61.83977309477101, 53.85643570920715]",-3608.7961065239774,-4087.0978211445126,-3298.3549771452454,0.29802776791611507,-0.2625835141712939,-0.0007025398713141836,0.39720416151631477
29,3,-41.271219649330185,-44.28151960597,0.3318104882019921,2321.546543722921,99.3136272692628,"[127.45177513509134, 120.37190705062636, 112.05377987774489, 102.64721372775413, 92.4045093979193, 81.8052107600541, 71.444366590174, 61.83977309477101, 53.85643570920715]",-3590.8801499891647,-4102.813694749086,-3298.397039156869,0.299187077126819,-0.2612647248176695,-0.0007317589062244498,0.3972061165501339
30,3,-41.70583112307184,-44.71613107971165,0.33188481034654244,2440.663850792665,102.53836417650531,"[127.45177513509134, 120.37190705062636, 112.05377987774489, 102.64721372775413, 92.4045093979193, 81.8052107600541, 71.444366590174, 61.83977309477101, 53.85643570920715]",-3572.8956770351765,-4118.450968122483,-3298.4392669139734,0.3003421482068051,-0.25994087181990966,-0.0007558168076753899,0.397209307659098
31,3,-42.327772156488386,-45.3380721131282,0.3319849026499793,2621.8329696818614,104.5216483831137,"[127.45177513509134, 120.37190705062636, 112.05377987774489, 102.64721372775413, 92.4045093979193, 81.8052107600541, 71.444366590174, 61.83977309477101, 53.85643570920715]",-3554.8430222101897,-4134.009351930283,-3298.48165963101,0.30149145057862786,-0.2586130783568325,-0.0007735678838805816,0.39721331482778033
32,3,-43.006276824114465,-46.01657678075428,0.33208622649102937,2834.8511079849054,105.37818907866821,"[127.45177513509134, 120.37190705062636, 112.05377987774489, 102.64721372775413, 92.4045093979193, 81.8052107600541, 71.444366590174, 61.83977309477101, 53.85643570920715]",-3537.995175030087,-4148.405880179276,-3298.521227472015,0.3025541163409105,-0.2573753486192808,-0.0007846432248429185,0.3972174203842473
33,4,-43.05660745307889,-46.0669074097187,0.33209343193754903,2851.3254158569853,110.59481629227922,"[-36.30900878127101, -42.965590785807095, -51.6335914539009, -62.740106780059165, -76.46038239315149, -92.02389722622017, -107.5870091214381, -121.30719835917067, -132.41589516845994, -141.08954388823776, -147.8433835688452, -153.17740174055706, -153.5069248754767]",5096.481564439657,1901.374374121506,-3319.273210521607,-0.13876263836004882,0.37216718401419696,0.0002238515297672668,0.3971945779730713
34,4,-41.961995020558376,-44.97229497719819,0.33192690593060514,2513.715734751341,112.19550054575971,"[-36.30900878127101, -42.965590785807095, -51.6335914539009, -62.740106780059165, -76.46038239315149, -92.02389722622017, -107.5870091214381, -121.30719835917067, -132.41589516845994, -141.08954388823776, -147.8433835688452, -153.17740174055706, -153.5069248754767]",5088.2366459277355,1923.3620895683387,-3319.254374219463,-0.14035549284786397,0.37157262659023543,0.00022637554307888312,0.39719759874603955
35,4,-40.79213621181847,-43.802436168458286,0.33172413477699103,2196.9654300056727,113.25213371520069,"[-36.30900878127101, -42.965590785807095, -51.6335914539009, -62.740106780059165, -76.46038239315149, -92.02389722622017, -107.5870091214381, -121.30719835917067, -132.41589516845994, -141.08954388823776, -147.8433835688452, -153.17740174055706, -153.5069248754767]",5079.772034593987,1945.64087505309,-3319.235025605322,-0.14196644935351102,0.37096319094062946,0.00023371838205121215,0.39720047381540097
36,4,-39.626495208663854,-42.63679516530367,0.3314930238307481,1921.0610782423669,113.20665510169447,"[-36.30900878127101, -42.965590785807095, -51.6335914539009, -62.740106780059165, -76.46038239315149, -92.02389722622017, -107.5870091214381, -121.30719835917067, -132.41589516845994, -141.08954388823776, -147.8433835688452, -153.17740174055706, -153.5069248754767]",5071.210042734054,1967.8823724674412,-3319.2154440365657,-0.14357082719445305,0.3703478233619417,0.00024843192749823346,0.3972029133939605
37,4,-38.60346957037238,-41.613769527012195,0.3312629954450176,1707.6147250055249,111.25520717319706,"[-36.30900878127101, -42.965590785807095, -51.6335914539009, -62.740106780059165, -76.46038239315149, -92.02389722622017, -107.5870091214381, -121.30719835917067, -132.41589516845994, -141.08954388823776, -147.8433835688452, -153.17740174055706, -153.5069248754767]",5062.550849573415,1990.0861185155459,-3319.195629923145,-0.145168022744,0.36972637474900827,0.0002736574874149556,0.3972045089130623
38,4,-37.947661531103655,-40.95796148774347,0.33110063053326694,1583.4322614261264,106.66234329281917,"[-36.30900878127101, -42.965590785807095, -51.6335914539009, -62.740106780059165, -76.46038239315149, -92.02389722622017, -107.5870091214381, -121.30719835917067, -132.41589516845994, -141.08954388823776, -147.8433835688452, -153.17740174055706, -153.5069248754767]",5053.794635095766,2012.2516553168364,-3319.1755836770008,-0.1467591254178483,0.3690979034764345,0.00031101686265733825,0.3972047330730085
39,4,-37.877398993704716,-40.88769895034453,0.3310824967734095,1570.675112298472,99.62258677511,"[-36.30900878127101, -42.965590785807095, -51.6335914539009, -62.740106780059165, -76.46038239315149, -92.02389722622017, -107.5870091214381, -121.30719835917067, -132.41589516845994, -141.08954388823776, -147.8433835688452, -153.17740174055706, -153.5069248754767]",5044.941579198157,2034.3785322254048,-3319.155305710128,-0.14834830995974102,0.3684604493827293,0.00035675166074960394,0.3972032868683008
40,4,-38.421454178143215,-41.43175413478303,0.3312191540548304,1672.2034746774461,91.55593918611065,"[-36.30900878127101, -42.965590785807095, -51.6335914539009, -62.740106780059165, -76.46038239315149, -92.02389722622017, -107.5870091214381, -121.30719835917067, -132.41589516845994, -141.08954388823776, -147.8433835688452, -153.17740174055706, -153.5069248754767]",5035.991854800164,2056.466322338955,-3319.134796418755,-0.14994089222118123,0.3678121988861784,0.00040190828808716103,0.39720051150501
41,4,-63.192950937564135,-66.20325089420395,0.33321127384851346,1869.3367469072991,83.96480675770597,"[-36.30900878127101, -42.965590785807095, -51.6335914539009, -62.740106780059165, -76.46038239315149, -92.02389722622017, -107.5870091214381, -121.30719835917067, -132.41589516845994, -141.08954388823776, -147.8433835688452, -153.17740174055706, -153.5069248754767]",5026.9456253686385,2078.514627082723,-3319.1140561776315,-0.15153905146880187,0.36715296942896725,0.00043935700364251514,0.39719715522036286
42,4,-67.71493407049469,-70.7252340271345,0.33326081089694043,2135.2546683030655,77.49583491173205,"[-36.30900878127101, -42.965590785807095, -51.6335914539009, -62.740106780059165, -76.46038239315149, -92.02389722622017, -107.5870091214381, -121.30719835917067, -132.41589516845994, -141.08954388823776, -147.8433835688452, -153.17740174055706, -153.5069248754767]",5017.803052125368,2100.523057275428,-3319.0930853564964,-0.15314143403944286,0.36648383025185927,0.0004676083737874018,0.3971938006985027
43,4,-62.767674522825615,-65.77797447946543,0.3332051488811344,2446.868839245743,72.13101067417954,"[-36.30900878127101, -42.965590785807095, -51.6335914539009, -62.740106780059165, -76.46038239315149, -92.02389722622017, -107.5870091214381, -121.30719835917067, -132.41589516845994, -141.08954388823776, -147.8433835688452, -153.17740174055706, -153.5069248754767]",5008.564299270091,2122.491220250221,-3319.071884332046,-0.1547456876048889,0.36580595279100514,0.0004883101423761729,0.3971907115938641
44,4,-62.15848250006908,-65.1687824567089,0.33319583578630946,2787.9414076937087,67.63469591592752,"[-36.30900878127101, -42.965590785807095, -51.6335914539009, -62.740106780059165, -76.46038239315149, -92.02389722622017, -107.5870091214381, -121.30719835917067, -132.41589516845994, -141.08954388823776, -147.8433835688452, -153.17740174055706, -153.5069248754767]",4999.229529219831,2144.41873121276,-3319.0504534770166,-0.15634993547488918,0.3651201496983869,0.0005035187791744986,0.39718796503662523
45,4,-62.893583258672436,-65.90388321531225,0.33320699361176664,2812.5132619783326,67.34732716353905,"[-36.30900878127101, -42.965590785807095, -51.6335914539009, -62.740106780059165, -76.46038239315149, -92.02389722622017, -107.5870091214381, -121.30719835917067, -132.41589516845994, -141.08954388823776, -147.8433835688452, -153.17740174055706, -153.5069248754767]",4998.575292978857,2145.945617620196,-3319.0489511249575,-0.15646172141105116,0.3650720657949239,0.0005044175670358468,0.3971877867303633
46,5,-43.0660550721408,-46.07635502878061,0.3320947798320621,2854.428482222186,114.99171649313685,"[1.5743818516438826, 5.377314104187914, 11.13758390822002, 20.22052708852087, 35.167633117744906, 58.58398905136502, 86.30756835802708, 107.98784748273218, 121.4937935157976, 129.74919045548887, 135.04910316344194, 138.63834928869116, 141.17805203702937, 141.28669441267073]",3895.15376402234,3799.4267859078,-3316.482586487464,-0.2771911104497253,0.2845516171157652,0.0005574913071069205,0.39724657998792934
47,5,-41.80219670865845,-44.81249666529826,0.33190079200752065,2467.8925562240834,118.6300267480831,"[1.5743818516438826, 5.377314104187914, 11.13758390822002, 20.22052708852087, 35.167633117744906, 58.58398905136502, 86.30756835802708, 107.98784748273218, 121.4937935157976, 129.74919045548887, 135.04910316344194, 138.63834928869116, 141.17805203702937, 141.28669441267073]",3878.766014814478,3816.188620634808,-3316.444196331861,-0.27840597626552943,0.28336219846153515,0.0005541613340085728,0.39724593167470085
48,5,-40.34909434837605,-43.35939430501586,0.33163992597386016,2087.7146079686568,122.73456300493805,"[1.5743818516438826, 5.377314104187914, 11.13758390822002, 20.22052708852087, 35.167633117744906, 58.58398905136502, 86.30756835802708, 107.98784748273218, 121.4937935157976, 129.74919045548887, 135.04910316344194, 138.63834928869116, 141.17805203702937, 141.28669441267073]",3862.0311885298697,3833.157516782744,-3316.404987886758,-0.2796333035357497,0.28214863434728804,0.0005536967896830017,0.3972441854709661
49,5,-38.72205521658768,-41.73235517322749,0.3312910684682214,1731.0881100531305,127.15832761804946,"[1.5743818516438826, 5.377314104187914, 11.13758390822002, 20.22052708852087, 35.167633117744906, 58.58398905136502, 86.30756835802708, 107.98784748273218, 121.4937935157976, 129.74919045548887, 135.04910316344194, 138.63834928869116, 141.17805203702937, 141.28669441267073]",3845.2223179416096,3850.0529894140004,-3316.36560071922,-0.2808513662768331,0.28093121432417245,0.000558527894752259,0.39724066895853855
50,5,-36.98916853986524,-39.99946849650505,0.33084014947264573,1417.995457513933,131.13928316003822,"[1.5743818516438826, 5.377314104187914, 11.13758390822002, 20.22052708852087, 35.167633117744906, 58.58398905136502, 86.30756835802708, 107.98784748273218, 121.4937935157976, 129.74919045548887, 135.04910316344194, 138.63834928869116, 141.17805203702937, 141.28669441267073]",3828.339715210074,3866.874725683911,-3316.3260355607217,-0.2820575761627733,0.2797107677212138,0.0005733989933442191,0.3972340854413365
51,5,-35.43217829140203,-38.442478248041844,0.3303506916939865,1185.2919290273865,131.87710633210273,"[1.5743818516438826, 5.377314104187914, 11.13758390822002, 20.22052708852087, 35.167633117744906, 58.58398905136502, 86.30756835802708, 107.98784748273218, 121.4937935157976, 129.74919045548887, 135.04910316344194, 138.63834928869116, 141.17805203702937, 141.28669441267073]",3811.383749519503,3883.6223591192365,-3316.2862932764792,-0.2832484379200633,0.27848815224741214,0.0006063151211895117,0.3972224768871469
52,5,-34.681273147481456,-37.69157310412127,0.3300813776728885,1087.126469138064,124.84986162805457,"[1.5743818516438826, 5.377314104187914, 11.13758390822002, 20.22052708852087, 35.167633117744906, 58.58398905136502, 86.30756835802708, 107.98784748273218, 121.4937935157976, 129.74919045548887, 135.04910316344194, 138.63834928869116, 141.17805203702937, 141.28669441267073]",3794.3547976430423,3900.295520199543,-3316.2463747496613,-0.28442500684832833,0.27726198612425,0.0006618235338203905,0.39720552800864356
53,5,-35.23438890015935,-38.24468885679916,0.3302819967078763,1158.6062251569829,111.44400508637003,"[1.5743818516438826, 5.377314104187914, 11.13758390822002, 20.22052708852087, 35.167633117744906, 58.58398905136502, 86.30756835802708, 107.98784748273218, 121.4937935157976, 129.74919045548887, 135.04910316344194, 138.63834928869116, 141.17805203702937, 141.28669441267073]",3777.253221193231,3916.8938585705423,-3316.206280828048,-0.2856007310003896,0.27602654230743284,0.0007243035996409733,0.39718881432117187
54,5,-36.71033978710496,-39.72063974374477,0.3307588189485252,1373.1987580475322,98.33882256874173,"[1.5743818516438826, 5.377314104187914, 11.13758390822002, 20.22052708852087, 35.167633117744906, 58.58398905136502, 86.30756835802708, 107.98784748273218, 121.4937935157976, 129.74919045548887, 135.04910316344194, 138.63834928869116, 141.17805203702937, 141.28669441267073]",3760.079323785275,3933.4170833438757,-3316.1660122235585,-0.28678701850432575,0.2747783379911781,0.0007720775390138152,0.39717820322308833
55,5,-72.32982688427221,-75.340126840912,0.33329070211457246,1676.0835730657905,88.25264386801486,"[1.5743818516438826, 5.377314104187914, 11.13758390822002, 20.22052708852087, 35.167633117744906, 58.58398905136502, 86.30756835802708, 107.98784748273218, 121.4937935157976, 129.74919045548887, 135.04910316344194, 138.63834928869116, 141.17805203702937, 141.28669441267073]",3742.833383184049,3949.8649300674,-3316.1255695875534,-0.2879810637950307,0.2735194952553082,0.0008027874082967723,0.3971733272223338
56,5,-60.46907765562132,-63.47937761226113,0.3331663146008838,2027.047360627511,80.74159069434623,"[1.5743818516438826, 5.377314104187914, 11.13758390822002, 20.22052708852087, 35.167633117744906, 58.58398905136502, 86.30756835802708, 107.98784748273218, 121.4937935157976, 129.74919045548887, 135.04910316344194, 138.63834928869116, 141.17805203702937, 141.28669441267073]",3725.515692106584,3966.2371212091984,-3316.0849536065007,-0.2891768653268397,0.2722527259938484,0.0008225310651214898,0.3971718555092893
57,5,-65.67106815706256,-68.68136811370238,0.33324157074012034,2403.9154381333224,74.93718546082842,"[1.5743818516438826, 5.377314104187914, 11.13758390822002, 20.22052708852087, 35.167633117744906, 58.58398905136502, 86.30756835802708, 107.98784748273218, 121.4937935157976, 129.74919045548887, 135.04910316344194, 138.63834928869116, 141.17805203702937, 141.28669441267073]",3708.12655068251,3982.533373786415,-3316.044164984309,-0.29037080248120317,0.2709795186682711,0.0008359147350024887,0.3971722563632938
58,5,-80.10118224956693,-83.11148220620674,0.33331590884708895,2794.8910590202554,70.2243989676851,"[1.5743818516438826, 5.377314104187914, 11.13758390822002, 20.22052708852087, 35.167633117744906, 58.58398905136502, 86.30756835802708, 107.98784748273218, 121.4937935157976, 129.74919045548887, 135.04910316344194, 138.63834928869116, 141.17805203702937, 141.28669441267073]",3690.6663112050164,3998.7533582472815,-3316.0032045473226,-0.29156108582459356,0.26970058605789193,0.0008453939834014159,0.39717374986040244
59,5,-73.88941805493309,-76.8997180115729,0.33329770888147986,2815.0148479296336,70.00622865431946,"[1.5743818516438826, 5.377314104187914, 11.13758390822002, 20.22052708852087, 35.167633117744906, 58.58398905136502, 86.30756835802708, 107.98784748273218, 121.4937935157976, 129.74919045548887, 135.04910316344194, 138.63834928869116, 141.17805203702937, 141.28669441267073]",3689.7765388172747,3999.5761248528493,-3316.0011170725406,-0.29162149713631663,0.2696354049391168,0.0008457978593579475,0.39717384677585094
60,6,-70.11279023664596,-73.12309019328578,0.33327830585901513,2814.285276139493,85.55817755622114,"[-99.58977001444467, -92.9592733867989, -84.90148748954226, -75.4645245314833, -64.92613581647782, -53.911082812652985, -43.2286801514189, -33.55875778900068, -29.666472633419385]",-5449.086960019543,-251.39896509208722,-3294.111922175881,0.01829524332402674,-0.3968139058680862,6.127788180060052e-05,0.3972354409837452
61,6,-42.25709679454671,-45.267396751186524,0.33197388607294265,2600.586192238237,90.86998955000819,"[-99.58977001444467, -92.9592733867989, -84.90148748954226, -75.4645245314833, -64.92613581647782, -53.911082812652985, -43.2286801514189, -33.55875778900068, -29.666472633419385]",-5447.947667083609,-274.96178856761,-3294.1137996237526,0.02001525018948545,-0.39672627427609164,3.622615549244741e-05,0.3972308500777234
62,6,-41.706040002457605,-44.71633995909742,0.33188484518004535,2440.72254489508,96.45175513308858,"[-99.58977001444467, -92.9592733867989, -84.90148748954226, -75.4645245314833, -64.92613581647782, -53.911082812652985, -43.2286801514189, -33.55875778900068, -29.666472633419385]",-5446.6930706022595,-298.7611790556497,-3294.1159429911195,0.021756863855031346,-0.39662687927061613,7.290506240966208e-06,0.39722316465421015
63,6,-41.37532636538794,-44.385626322027754,0.331828631467226,2349.539392814849,101.85182923652926,"[-99.58977001444467, -92.9592733867989, -84.90148748954226, -75.4645245314833, -64.92613581647782, -53.911082812652985, -43.2286801514189, -33.55875778900068, -29.666472633419385]",-5445.334362501199,-322.55476131097805,-3294.118334220088,0.023502778315189304,-0.39651658110872373,-2.3811965543433624e-05,0.3972125127053448
64,6,-41.32377695949139,-44.3340769161312,0.3318196748396891,2335.6365379023246,106.5027134220241,"[-99.58977001444467, -92.9592733867989, -84.90148748954226, -75.4645245314833, -64.92613581647782, -53.911082812652985, -43.2286801514189, -33.55875778900068, -29.666472633419385]",-5443.871570694479,-346.34206881873007,-3294.120973260764,0.0252523367019552,-0.3963962087961241,-5.441326535302188e-05,0.3971997454904179
65,6,-41.561830856423725,-44.57213081306355,0.33186059587705424,2400.5345192950294,109.8772896993529,"[-99.58977001444467, -92.9592733867989, -84.90148748954226, -75.4645245314833, -64.92613581647782, -53.911082812652985, -43.2286801514189, -33.55875778900068, -29.666472633419385]",-5442.304724634771,-370.1226447166496,-3294.123860059254,0.027003869453967138,-0.39626728581780857,-8.147761046580451e-05,0.39718632581384355
66,6,-42.04562112790441,-45.055921084544224,0.33194038164905565,2538.034194702756,111.74041757681756,"[-99.58977001444467, -92.9592733867989, -84.90148748954226, -75.4645245314833, -64.92613581647782, -53.911082812652985, -43.2286801514189, -33.55875778900068, -29.666472633419385]",-5440.633855133362,-393.8960413941189,-3294.126994558102,0.028755353196195106,-0.3961314076111664,-0.00010288407517461634,0.39717373153139784
67,6,-42.700411336323896,-45.71071129296371,0.3320415287524409,2736.7616748260602,112.21244725890287,"[-99.58977001444467, -92.9592733867989, -84.90148748954226, -75.4645245314833, -64.92613581647782, -53.911082812652985, -43.2286801514189, -33.55875778900068, -29.666472633419385]",-5438.858994251419,-417.6618192998106,-3294.1303766965984,0.030505202420190704,-0.3959896430294749,-0.00011805574012218762,0.39716291203795145
68,6,-43.028158875860036,-46.03845883249985,0.3320893643056936,2842.001850722332,112.05703601990402,"[-99.58977001444467, -92.9592733867989, -84.90148748954226, -75.4645245314833, -64.92613581647782, -53.911082812652985, -43.2286801514189, -33.55875778900068, -29.666472633419385]",-5438.031770745598,-428.2855638636044,-3294.1319690433193,0.031286831223430595,-0.39592447967017186,-0.00012295899819693976,0.3971587523006575
69,7,-79.26563670049106,-82.27593665713087,0.3333141494175462,2793.857743982847,65.68808917104597,"[-165.6568529627817, -166.19013890319204, -166.80981122267914, -167.5704311603629, -168.62154132217356, -170.4298085935754, -175.56877117981045, 59.6337027467756, 19.73305466330286, 16.140320793998253, 14.616786309893076, 13.662887447103929, 12.944818059240266, 12.530867724992195]",-4914.8337813199005,-2364.79955016441,-3295.3081013563205,0.17242685006147904,-0.3578562084561627,-0.00022429859841320308,0.3972305814795805
70,7,-68.24367909952313,-71.25397905616295,0.33326509394349046,2381.2489710206796,69.73669616555891,"[-165.6568529627817, -166.19013890319204, -166.80981122267914, -167.5704311603629, -168.62154132217356, -170.4298085935754, -175.56877117981045, 59.6337027467756, 19.73305466330286, 16.140320793998253, 14.616786309893076, 13.662887447103929, 12.944818059240266, 12.530867724992195]",-4904.610518354569,-2385.8977998349387,-3295.3316745532893,0.1739558088395312,-0.3571162992246262,-0.0002304301737415866,0.3972313276907717
71,7,-63.22260999694858,-66.23290995358839,0.33321168992512445,1964.5217567162501,74.80097454141651,"[-165.6568529627817, -166.19013890319204, -166.80981122267914, -167.5704311603629, -168.62154132217356, -170.4298085935754, -175.56877117981045, 59.6337027467756, 19.73305466330286, 16.140320793998253, 14.616786309893076, 13.662887447103929, 12.944818059240266, 12.530867724992195]",-4894.125031613395,-2407.3000268124692,-3295.355860778853,0.17550712477375224,-0.35635681116613344,-0.00023867305389640593,0.39723165115039777
72,7,-58.50141938863469,-61.5117193452745,0.33312385067311223,1555.189941986032,81.565298584217,"[-165.6568529627817, -166.19013890319204, -166.80981122267914, -167.5704311603629, -168.62154132217356, -170.4298085935754, -175.56877117981045, 59.6337027467756, 19.73305466330286, 16.140320793998253, 14.616786309893076, 13.662887447103929, 12.944818059240266, 12.530867724992195]",-4883.546005957815,-2428.656165370043,-3295.3802711415865,0.17705598551252785,-0.3555894035768278,-0.0002501429480457521,0.39723130354169095
73,7,-35.27260116319385,-38.28290111983366,0.33029539053492485,1163.714567165578,91.71617480108755,"[-165.6568529627817, -166.19013890319204, -166.80981122267914, -167.5704311603629, -168.62154132217356, -170.4298085935754, -175.56877117981045, 59.6337027467756, 19.73305466330286, 16.140320793998253, 14.616786309893076, 13.662887447103929, 12.944818059240266, 12.530867724992195]",-4872.873658813397,-2449.965777260734,-3295.404905139791,0.1786038842694073,-0.35481257593315885,-0.0002682506383500796,0.3972296356955865
74,7,-32.22028363229755,-35.230583588937364,0.3290162956359741,818.8994779076642,109.45569687358719,"[-165.6568529627817, -166.19013890319204, -166.80981122267914, -167.5704311603629, -168.62154132217356, -170.4298085935754, -175.56877117981045, 59.6337027467756, 19.73305466330286, 16.140320793998253, 14.616786309893076, 13.662887447103929, 12.944818059240266, 12.530867724992195]",-4862.108200896933,-2471.2284430883874,-3295.4297622870663,0.18015609559481785,-0.35402116598988287,-0.0003042694041691227,0.3972244923575026
75,7,-29.642693122471965,-32.65299307911177,0.32752502166351183,608.6267954655596,142.77075834845084,"[-165.6568529627817, -166.19013890319204, -166.80981122267914, -167.5704311603629, -168.62154132217356, -170.4298085935754, -175.56877117981045, 59.6337027467756, 19.73305466330286, 16.140320793998253, 14.616786309893076, 13.662887447103929, 12.944818059240266, 12.530867724992195]",-4851.249896343666,-2492.4436445113583,-3295.4548419734374,0.18172924181048392,-0.35319985393810577,-0.0003879909677179241,0.3972100259156403
76,7,-30.533354252685076,-33.54365420932489,0.3280910165930576,674.3480798844239,173.12696949784473,"[-165.6568529627817, -166.19013890319204, -166.80981122267914, -167.5704311603629, -168.62154132217356, -170.4298085935754, -175.56877117981045, 59.6337027467756, 19.73305466330286, 16.140320793998253, 14.616786309893076, 13.662887447103929, 12.944818059240266, 12.530867724992195]",-4840.299041792202,-2513.6108097832935,-3295.4801435134964,0.1833220954356769,-0.3523535384265622,-0.0004942238994653588,0.39719044673041803
77,7,-33.607140353432165,-36.61744031007198,0.32965332994450114,960.6682339394266,149.3774689954754,"[-165.6568529627817, -166.19013890319204, -166.80981122267914, -167.5704311603629, -168.62154132217356, -170.4298085935754, -175.56877117981045, 59.6337027467756, 19.73305466330286, 16.140320793998253, 14.616786309893076, 13.662887447103929, 12.944818059240266, 12.530867724992195]",-4829.2558169444965,-2534.729600954353,-3295.5056664917415,0.18489300582791085,-0.351521944595353,-0.0005400782848396608,0.3971818133056096
78,7,-36.441506418900985,-39.4518063755408,0.3306778929352375,1331.3484394553475,135.86676492341047,"[-165.6568529627817, -166.19013890319204, -166.80981122267914, -167.5704311603629, -168.62154132217356, -170.4298085935754, -175.56877117981045, 59.6337027467756, 19.73305466330286, 16.140320793998253, 14.616786309893076, 13.662887447103929, 12.944818059240266, 12.530867724992195]",-4818.1203519851915,-2555.799774789419,-3295.531410607114,0.1864460437694456,-0.3506981025945784,-0.0005524592099571875,0.3971795458125886
79,7,-38.72622135446376,-41.73652131110357,0.3312920477749044,1731.918615839552,127.54960363246362,"[-165.6568529627817, -166.19013890319204, -166.80981122267914, -167.5704311603629, -168.62154132217356, -170.4298085935754, -175.56877117981045, 59.6337027467756, 19.73305466330286, 16.140320793998253, 14.616786309893076, 13.662887447103929, 12.944818059240266, 12.530867724992195]",-4806.892820597637,-2576.821004586223,-3295.5573754580278,0.1879901793913901,-0.3498726515825901,-0.0005541096157000114,0.3971794140064484
80,7,-40.58172228929215,-43.592022245931965,0.33168467675860025,2144.3838466137136,121.68167095927183,"[-165.6568529627817, -166.19013890319204, -166.80981122267914, -167.5704311603629, -168.62154132217356, -170.4298085935754, -175.56877117981045, 59.6337027467756, 19.73305466330286, 16.140320793998253, 14.616786309893076, 13.662887447103929, 12.944818059240266, 12.530867724992195]",-4795.573436863014,-2597.792890208164,-3295.5835605493985,0.1895283173004511,-0.34904267754048585,-0.0005516683195669664,0.39718015829256487
81,7,-42.12585875260991,-45.13615870924972,0.33195318994921674,2561.5884138029933,117.11251731738497,"[-165.6568529627817, -166.19013890319204, -166.80981122267914, -167.5704311603629, -168.62154132217356, -170.4298085935754, -175.56877117981045, 59.6337027467756, 19.73305466330286, 16.140320793998253, 14.616786309893076, 13.662887447103929, 12.944818059240266, 12.530867724992195]",-4784.162421738512,-2618.7150230416732,-3295.6099653700826,0.19106137952631852,-0.34820725275418085,-0.0005472487276141794,0.39718137053276276
82,7,-43.03566253637564,-46.04596249301545,0.33209043848726355,2844.4580909039296,114.47519196186883,"[-165.6568529627817, -166.19013890319204, -166.80981122267914, -167.5704311603629, -168.62154132217356, -170.4298085935754, -175.56877117981045, 59.6337027467756, 19.73305466330286, 16.140320793998253, 14.616786309893076, 13.662887447103929, 12.944818059240266, 12.530867724992195]",-4776.397270648164,-2632.829105703822,-3295.627938106672,0.19209496158212042,-0.347639271809535,-0.0005435828051494243,0.3971823674985663
83,8,-78.71944913491257,-81.72974909155236,0.3333129043554839,2805.1174266708103,76.77376227799448,"[120.26675438725162, 112.73600393435981, 104.21508130789013, 94.89229060760995, 85.09354164782145, 75.27266593587123, 65.89059813744447, 59.26904145638381]",-3472.70618611293,-4203.092609800825,-3298.673635220123,0.30646985127333887,-0.2526838832366915,-0.0006376316884584734,0.39720689968988016
84,8,-63.10857021844466,-66.11887017508448,0.3332100823002373,2624.2881900346697,81.65490156592674,"[120.26675438725162, 112.73600393435981, 104.21508130789013, 94.89229060760995, 85.09354164782145, 75.27266593587123, 65.89059813744447, 59.26904145638381]",-3454.3789009967622,-4218.134425691777,-3298.716700243895,0.3075670327392786,-0.2513436067570699,-0.0006623662335137036,0.3972046412300898
85,8,-72.07668354872942,-75.08698350536923,0.33328944137934086,2499.9577452524327,86.75507936543728,"[120.26675438725162, 112.73600393435981, 104.21508130789013, 94.89229060760995, 85.09354164782145, 75.27266593587123, 65.89059813744447, 59.26904145638381]",-3435.8909328250006,-4233.173570703401,-3298.7601475940683,0.3086676462029404,-0.24998878727273732,-0.0006904205358913616,0.39720345700292425
86,8,-41.71167437578692,-44.72197433242673,0.33188578447311656,2442.3063093523965,91.73489051145472,"[120.26675438725162, 112.73600393435981, 104.21508130789013, 94.89229060760995, 85.09354164782145, 75.27266593587123, 65.89059813744447, 59.26904145638381]",-3417.337410333495,-4248.13162596165,-3298.803753751543,0.30976616730402723,-0.24862654723073854,-0.000719907265333411,0.397203671509436
87,8,-41.76033341107771,-44.77063336771752,0.3318938710041698,2456.0266963927966,96.18529889890483,"[120.26675438725162, 112.73600393435981, 104.21508130789013, 94.89229060760995, 85.09354164782145, 75.27266593587123, 65.89059813744447, 59.26904145638381]",-3398.7186937755887,-4263.008302566593,-3298.8475178695858,0.3108620404622778,-0.2472576729074262,-0.0007482444255322205,0.3972053938224995
88,8,-42.05117282950145,-45.061472786141266,0.33194127168000404,2539.6569314717817,99.74331976317397,"[120.26675438725162, 112.73600393435981, 104.21508130789013, 94.89229060760995, 85.09354164782145, 75.27266593587123, 65.89059813744447, 59.26904145638381]",-3380.0351394031322,-4277.803317438442,-3298.8914391107783,0.3119540733127792,-0.245883343428571,-0.0007728963096258986,0.3972084588736157
89,8,-42.53814202371398,-45.548441980353786,0.33201716868727643,2686.1082689985824,102.22606009591067,"[120.26675438725162, 112.73600393435981, 104.21508130789013, 94.89229060760995, 85.09354164782145, 75.27266593587123, 65.89059813744447, 59.26904145638381]",-3361.287098116601,-4292.516394184704,-3298.9355166501928,0.3130408841383288,-0.24450469931004634,-0.0007922872394164921,0.3972125008680776
90,8,-43.00109129440735,-46.011391251047165,0.33208548174372404,2833.159189475143,103.40302993623833,"[120.26675438725162, 112.73600393435981, 104.21508130789013, 94.89229060760995, 85.09354164782145, 75.27266593587123, 65.89059813744447, 59.26904145638381]",-3346.9913210736336,-4303.646740887169,-3298.969129839606,0.3138629128773523,-0.2434542159527955,-0.0008032615775226286,0.39721597220430194
91,9,-43.05912024609654,-46.06942020273635,0.3320937905815702,2852.1504121863372,111.32931565087542,"[-33.137470027263646, -39.32909415510646, -47.492193127500784, -58.37948017866509, -72.59129033769189, -89.67399878693118, -107.36497096485596, -122.90983423597038, -135.12291486890737, -144.31315117451044, -151.23874741404705, -156.56909729540064, -158.66064993322487]",5002.210745856389,2137.443447823604,-3319.0580975211114,-0.15598170207015014,0.3652878487614223,0.00026298586483632476,0.39719714625738933
92,9,-41.88918838377891,-44.89948834041872,0.3319150675766658,2492.733394179475,113.40193488934422,"[-33.137470027263646, -39.32909415510646, -47.492193127500784, -58.37948017866509, -72.59129033769189, -89.67399878693118, -107.36497096485596, -122.90983423597038, -135.12291486890737, -144.31315117451044, -151.23874741404705, -156.56909729540064, -158.66064993322487]",4992.810527850611,2159.3432260860636,-3319.0365105352466,-0.15756912099289772,0.36460895660162146,0.0002638202934592758,0.3971999354553633
93,9,-40.623188691591494,-43.63348864823131,0.33169252858118503,2154.645601797268,115.10524920888568,"[-33.137470027263646, -39.32909415510646, -47.492193127500784, -58.37948017866509, -72.59129033769189, -89.67399878693118, -107.36497096485596, -122.90983423597038, -135.12291486890737, -144.31315117451044, -151.23874741404705, -156.56909729540064, -158.66064993322487]",4983.314324069132,2181.2022609963487,-3319.0146937724567,-0.15915073076469585,0.36392417507281716,0.00026891444192844683,0.39720250832584664
94,9,-39.306931531739735,-42.31723148837955,0.33142405700606004,1851.6674368578563,115.94189441237599,"[-33.137470027263646, -39.32909415510646, -47.492193127500784, -58.37948017866509, -72.59129033769189, -89.67399878693118, -107.36497096485596, -122.90983423597038, -135.12291486890737, -144.31315117451044, -151.23874741404705, -156.56909729540064, -158.66064993322487]",4973.72258562478,2203.019504069256,-3318.992648268759,-0.1607253560170305,0.36323380064846345,0.00028092743168681405,0.39720462348838637
95,9,-38.06890724361858,-41.079207200258395,0.3311315794456925,1605.6902667017966,114.97682874893569,"[-33.137470027263646, -39.32909415510646, -47.492193127500784, -58.37948017866509, -72.59129033769189, -89.67399878693118, -107.36497096485596, -122.90983423597038, -135.12291486890737, -144.31315117451044, -151.23874741404705, -156.56909729540064, -158.66064993322487]",4964.03551263914,2224.794501943859,-3318.9703744841545,-0.16229172863088295,0.3625379888524831,0.00030378922687844876,0.3972058544773701
96,9,-37.16886097529094,-40.17916093193075,0.33089119678657875,1447.6362890485084,110.99279545724416,"[-33.137470027263646, -39.32909415510646, -47.492193127500784, -58.37948017866509, -72.59129033769189, -89.67399878693118, -107.36497096485596, -122.90983423597038, -135.12291486890737, -144.31315117451044, -151.23874741404705, -156.56909729540064, -158.66064993322487]",4954.253308176484,2246.5268012681076,-3318.9478728856398,-0.16384986146777672,0.36183614292151367,0.0003410287710155095,0.39720559881244166
97,9,-36.930583846913336,-39.94088380355315,0.3308232770771334,1408.4635263666016,103.65446633208757,"[-33.137470027263646, -39.32909415510646, -47.492193127500784, -58.37948017866509, -72.59129033769189, -89.67399878693118, -107.36497096485596, -122.90983423597038, -135.12291486890737, -144.31315117451044, -151.23874741404705, -156.56909729540064, -158.66064993322487]",4944.376177930416,2268.2159494456414,-3318.9251439465,-0.16540375828985557,0.3611260910842148,0.0003902634054355632,0.3972034859158454
98,9,-37.465644417646445,-40.47594437428625,0.3309732291541048,1497.9545397326651,94.60904958574763,"[-33.137470027263646, -39.32909415510646, -47.492193127500784, -58.37948017866509, -72.59129033769189, -89.67399878693118, -107.36497096485596, -122.90983423597038, -135.12291486890737, -144.31315117451044, -151.23874741404705, -156.56909729540064, -158.66064993322487]",4934.404318535808,2289.8615198821917,-3318.902188119388,-0.16696058918021695,0.3604050677863755,0.00044044730748548765,0.39720000657016324
99,9,-66.90259235871787,-69.91289231535768,0.3332537009946891,1695.7610226296274,86.04750497113952,"[-33.137470027263646, -39.32909415510646, -47.492193127500784, -58.37948017866509, -72.59129033769189, -89.67399878693118, -107.36497096485596, -122.90983423597038, -135.12291486890737, -144.31315117451044, -151.23874741404705, -156.56909729540064, -158.66064993322487]",4924.33791111827,2311.4631243363715,-3318.8790058214167,-0.16852410887199332,0.35967234646519863,0.0004814093350260441,0.3971961780252036
100,9,-61.5923880575931,-64.60268801423291,0.33318657604797847,1969.0164511489047,78.92257839860093,"[-33.137470027263646, -39.32909415510646, -47.492193127500784, -58.37948017866509, -72.59129033769189, -89.67399878693118, -107.36497096485596, -122.90983423597038, -135.12291486890737, -144.31315117451044, -151.23874741404705, -156.56909729540064, -158.66064993322487]",4914.177131871116,2333.020388496266,-3318.8555974584624,-0.17009279555601575,0.3589292206176958,0.0005111755660337956,0.3971926557902933
101,9,-60.862220456983714,-63.872520413623526,0.33317370571065286,2290.0999081574737,73.1755455871356,"[-33.137470027263646, -39.32909415510646, -47.492193127500784, -58.37948017866509, -72.59129033769189, -89.67399878693118, -107.36497096485596, -122.90983423597038, -135.12291486890737, -144.31315117451044, -151.23874741404705, -156.56909729540064, -158.66064993322487]",4903.922160348548,2354.5329339359228,-3318.831963444247,-0.17166363567717324,0.35817720176815737,0.0005322296941556224,0.39718962089765125
102,9,-61.8649573434779,-64.87525730011771,0.3331911098841649,2640.648457726099,68.46494696537795,"[-33.137470027263646, -39.32909415510646, -47.492193127500784, -58.37948017866509, -72.59129033769189, -89.67399878693118, -107.36497096485596, -122.90983423597038, -135.12291486890737, -144.31315117451044, -151.23874741404705, -156.56909729540064, -158.66064993322487]",4893.573175928943,2376.0003856697017,-3318.808104192199,-0.1732343532890653,0.3574172875320219,0.0005473142503385781,0.3971870568625283
103,9,-68.19164924546,-71.20194920209981,0.33326468395201986,2811.6659522697664,66.52285777466659,"[-33.137470027263646, -39.32909415510646, -47.492193127500784, -58.37948017866509, -72.59129033769189, -89.67399878693118, -107.36497096485596, -122.90983423597038, -135.12291486890737, -144.31315117451044, -151.23874741404705, -156.56909729540064, -158.66064993322487]",4888.690632180705,2386.045871232659,-3318.796844720668,-0.17397004081731635,0.3570585936610297,0.0005528955534617745,0.3971860018966732
